index0	terrace	bedrooms	construction_year	date_month	date_year	date_year_month	floor	rooms	price_room	price_surface	price	surface	zip
0	yes	2	1986	3	2016	2016_03	up floor	3	108333.33333333333	3915.6626506024095	325000	83	85221
1	yes	NAN	1972	3	2016	2016_03	up floor	3	115000.0	4107.142857142857	345000	84	85521
2	yes	2	1968	3	2016	2016_03	up floor	3	123333.33333333333	4805.194805194805	370000	77	81369
3	yes	2	1963	3	2016	2016_03	up floor	3	133000.0	4244.68085106383	399000	94	82110
4	yes	2	1973	3	2016	2016_03	up floor	3	122933.33333333333	4789.61038961039	368800	77	81735
5	yes	2	1972	3	2016	2016_03	up floor	3	85666.66666666667	3212.5	257000	80	85716
6	yes	2	1975	3	2016	2016_03	up floor	3	109666.66666666667	4386.666666666667	329000	75	81673
7	yes	NAN	1972	3	2016	2016_03	up floor	4	79750.0	3009.433962264151	319000	106	85716
8	yes	NAN	1983	3	2016	2016_03	NAN	3	115000.0	4312.5	345000	80	81379
9	yes	2	1967	3	2016	2016_03	NAN	3	99666.66666666667	3934.2105263157896	299000	76	81927
10	yes	NAN	1970	3	2016	2016_03	up floor	3	121666.66666666667	4562.5	365000	80	81245
11	yes	2	1976	3	2016	2016_03	up floor	3	128333.33333333333	4184.782608695652	385000	92	81925
12	yes	NAN	1973	3	2016	2016_03	up floor	3	95666.66666666667	3500.0	287000	82	85540
13	yes	2	1968	3	2016	2016_03	up floor	3	126666.66666666667	4871.794871794872	380000	78	81245
14	yes	NAN	2005	3	2016	2016_03	up floor	3	119333.33333333333	4531.645569620253	358000	79	82110
15	yes	2	1964	3	2016	2016_03	up floor	3	103333.33333333333	3690.4761904761904	310000	84	82110
16	yes	NAN	1972	3	2016	2016_03	NAN	3	116333.33333333333	4204.819277108434	349000	83	82061
17	yes	2	1974	3	2016	2016_03	up floor	3	92224.0	3217.1162790697676	276672	86	81735
18	yes	NAN	1974	3	2016	2016_03	up floor	3	116666.66666666667	5000.0	350000	70	80935
19	yes	2	1967	3	2016	2016_03	ground floor	3	106666.66666666667	4507.042253521126	320000	71	85521
20	yes	2	1913	3	2016	2016_03	up floor	3	100000.0	4411.764705882353	300000	68	81371
21	yes	2	1960	3	2016	2016_03	up floor	3	113000.0	5380.952380952381	339000	63	81245
22	yes	2	1969	3	2016	2016_03	up floor	3	108333.33333333333	3823.529411764706	325000	85	81673
23	yes	3	1975	3	2016	2016_03	up floor	3	132666.66666666666	4234.04255319149	398000	94	81735
24	yes	3	1970	3	2016	2016_03	up floor	4	97000.0	4084.2105263157896	388000	95	80807
25	yes	2	1972	3	2016	2016_03	NAN	3	133333.33333333334	4651.162790697675	400000	86	81735
26	yes	2	1989	3	2016	2016_03	up floor	3	90000.0	3750.0	270000	72	81737
27	yes	2	NAN	3	2016	2016_03	up floor	3	125000.0	5357.142857142857	375000	70	81539
28	yes	2	1978	3	2016	2016_03	up floor	3	126333.33333333333	4211.111111111111	379000	90	81371
29	yes	2	1967	3	2016	2016_03	up floor	3	123333.33333333333	5068.493150684932	370000	73	81243
30	yes	NAN	1976	3	2016	2016_03	NAN	3	89666.66666666667	3405.0632911392404	269000	79	85640
31	yes	1	1979	3	2016	2016_03	up floor	3	123000.0	4193.181818181818	369000	88	82131
32	yes	NAN	1971	3	2016	2016_03	up floor	3	128333.33333333333	4812.5	385000	80	81476
33	yes	NAN	1967	3	2016	2016_03	up floor	3	73333.33333333333	3055.5555555555557	220000	72	80689
34	yes	3	1967	3	2016	2016_03	up floor	4	96450.0	5010.38961038961	385800	77	81541
35	yes	2	1968	3	2016	2016_03	up floor	3	115000.0	4600.0	345000	75	82008
36	yes	2	1969	3	2016	2016_03	up floor	3	128333.33333333333	4277.777777777777	385000	90	82008
37	yes	NAN	1963	3	2016	2016_03	up floor	3	120000.0	4390.243902439024	360000	82	80686
38	yes	2	1963	3	2016	2016_03	up floor	3	126500.0	4464.705882352941	379500	85	82110
39	yes	2	1966	3	2016	2016_03	ground floor	3	99333.33333333333	4082.1917808219177	298000	73	81475
40	yes	2	1970	3	2016	2016_03	up floor	3	105000.0	4315.068493150685	315000	73	85221
41	yes	2	2014	3	2016	2016_03	up floor	3	129666.66666666667	4743.90243902439	389000	82	81241
42	yes	NAN	1964	3	2016	2016_03	up floor	3	75000.0	3629.032258064516	225000	62	80992
43	yes	2	NAN	3	2016	2016_03	up floor	3	110000.0	4782.608695652174	330000	69	80997
44	yes	2	NAN	3	2016	2016_03	up floor	3	110000.0	4782.608695652174	330000	69	80997
45	yes	2	1966	3	2016	2016_03	up floor	3	102666.66666666667	4812.5	308000	64	81476
46	yes	2	1973	3	2016	2016_03	up floor	3	128333.33333333333	4476.7441860465115	385000	86	81737
47	yes	2	1972	3	2016	2016_03	up floor	3	111666.66666666667	4718.30985915493	335000	71	81243
48	yes	2	1975	3	2016	2016_03	ground floor	3	133166.66666666666	4645.3488372093025	399500	86	81369
49	yes	2	1981	3	2016	2016_03	up floor	3	116666.66666666667	4487.179487179487	350000	78	81739
50	yes	2	1968	3	2016	2016_03	up floor	3	113000.0	4985.294117647059	339000	68	81379
51	yes	2	1954	3	2016	2016_03	up floor	3	109666.66666666667	5061.538461538462	329000	65	80687
52	yes	2	1966	3	2016	2016_03	up floor	3	109666.66666666667	4700.0	329000	70	81369
53	yes	NAN	1963	3	2016	2016_03	ground floor	3	120000.0	4390.243902439024	360000	82	80686
54	yes	2	1992	3	2016	2016_03	ground floor	3	126666.66666666667	6229.508196721312	380000	61	81827
55	yes	2	1966	3	2016	2016_03	up floor	3	123000.0	5054.7945205479455	369000	73	81827
56	yes	2	1975	3	2016	2016_03	up floor	3	101833.33333333333	3394.4444444444443	305500	90	85540
57	yes	3	2016	3	2016	2016_03	ground floor	4	0.0	0.0	0	90	82041
58	yes	2	1971	3	2016	2016_03	up floor	3	119666.66666666667	4662.337662337663	359000	77	82110
59	yes	2	1964	3	2016	2016_03	up floor	3	129666.66666666667	5256.756756756757	389000	74	82152
60	yes	NAN	NAN	3	2016	2016_03	up floor	3	131333.33333333334	4690.476190476191	394000	84	81245
61	yes	NAN	1972	3	2016	2016_03	up floor	3	111666.66666666667	4718.30985915493	335000	71	81243
62	yes	2	2003	3	2016	2016_03	up floor	3	128000.0	4800.0	384000	80	82110
63	yes	3	1963	3	2016	2016_03	up floor	4	83750.0	3722.222222222222	335000	90	85521
64	yes	2	1975	3	2016	2016_03	NAN	3	93000.0	3244.186046511628	279000	86	85221
65	yes	3	1969	3	2016	2016_03	up floor	3	113000.0	3725.2747252747254	339000	91	82008
66	yes	2	NAN	3	2016	2016_03	up floor	3	133000.0	5619.718309859155	399000	71	81243
67	yes	NAN	1968	3	2016	2016_03	up floor	4	96250.0	4425.287356321839	385000	87	81735
68	yes	2	1971	3	2016	2016_03	up floor	3	116666.66666666667	3723.404255319149	350000	94	82178
69	yes	2	1967	3	2016	2016_03	up floor	3	113000.0	5136.363636363636	339000	66	80992
70	yes	2	1984	3	2016	2016_03	up floor	3	97666.66666666667	2930.0	293000	100	81541
71	yes	3	NAN	3	2016	2016_03	up floor	4	99750.0	4483.146067415731	399000	89	81243
72	yes	NAN	1940	3	2016	2016_03	up floor	3	106666.66666666667	3809.5238095238096	320000	84	81377
73	yes	2	1988	3	2016	2016_03	up floor	3	83333.33333333333	3012.0481927710844	250000	83	80807
74	yes	2	1971	3	2016	2016_03	up floor	3	133333.0	4878.036585365854	399999	82	81241
75	yes	NAN	1964	3	2016	2016_03	NAN	3	75000.0	3629.032258064516	225000	62	80992
76	yes	3	1967	3	2016	2016_03	up floor	4	98750.0	4593.023255813953	395000	86	80935
77	yes	2	1961	3	2016	2016_03	up floor	3	116333.33333333333	5132.35294117647	349000	68	80686
78	yes	NAN	1960	3	2016	2016_03	up floor	3	129333.33333333333	5705.882352941177	388000	68	80686
79	yes	2	1992	3	2016	2016_03	ground floor	3	116650.0	5383.846153846154	349950	65	80935
80	yes	2	1993	3	2016	2016_03	up floor	3	128333.33333333333	5833.333333333333	385000	66	81927
81	yes	2	1988	3	2016	2016_03	up floor	3	131833.33333333334	5902.985074626866	395500	67	81669
82	yes	2	NAN	3	2016	2016_03	up floor	3	111666.66666666667	4407.894736842105	335000	76	81927
83	yes	1	1989	3	2016	2016_03	up floor	3	119666.66666666667	5128.571428571428	359000	70	81479
84	yes	2	1993	3	2016	2016_03	up floor	3	133000.0	5465.753424657534	399000	73	81243
85	yes	NAN	1975	3	2016	2016_03	up floor	3	119666.66666666667	4223.529411764706	359000	85	85540
86	yes	4	1975	3	2016	2016_03	up floor	5	39000.0	1857.142857142857	195000	105	85640
87	yes	NAN	1971	3	2016	2016_03	up floor	3	116700.0	4024.137931034483	350100	87	82110
88	yes	NAN	1976	3	2016	2016_03	up floor	3	89666.66666666667	3362.5	269000	80	85640
89	yes	2	1994	3	2016	2016_03	up floor	3	125000.0	3865.979381443299	375000	97	82008
90	yes	2	1980	3	2016	2016_03	up floor	3	95000.0	3750.0	285000	76	82110
91	yes	NAN	1978	3	2016	2016_03	NAN	3	99666.66666666667	3737.5	299000	80	85716
92	yes	2	1974	3	2016	2016_03	up floor	3	110000.0	3928.5714285714284	330000	84	85521
93	yes	3	1974	3	2016	2016_03	up floor	4	91250.0	3543.6893203883496	365000	103	85609
94	yes	2	1974	3	2016	2016_03	up floor	3	109666.66666666667	3655.5555555555557	329000	90	85609
95	yes	NAN	1972	3	2016	2016_03	up floor	3	131666.66666666666	4488.636363636364	395000	88	85521
96	yes	NAN	1972	3	2016	2016_03	up floor	3	125000.0	4213.483146067416	375000	89	85609
97	yes	2	2015	3	2016	2016_03	up floor	3	131666.66666666666	5642.857142857143	395000	70	81243
98	yes	2	1984	3	2016	2016_03	up floor	3	125000.0	5000.0	375000	75	81539
99	yes	2	2001	3	2016	2016_03	up floor	3	133000.0	5250.0	399000	76	80939
100	yes	NAN	1964	3	2016	2016_03	up floor	3	75000.0	3629.032258064516	225000	62	80992
101	yes	2	1972	3	2016	2016_03	up floor	3	121666.66666666667	4506.172839506173	365000	81	80993
102	yes	NAN	1961	3	2016	2016_03	up floor	3	113333.33333333333	5151.515151515152	340000	66	81675
103	yes	NAN	1968	3	2016	2016_03	up floor	3	113333.33333333333	4594.594594594595	340000	74	81927
104	yes	NAN	1964	3	2016	2016_03	up floor	3	75000.0	3629.032258064516	225000	62	80992
105	yes	2	1962	3	2016	2016_03	up floor	3	120000.0	4186.046511627907	360000	86	80686
106	yes	2	1972	3	2016	2016_03	up floor	3	116666.66666666667	4430.379746835443	350000	79	80937
107	yes	NAN	1987	3	2016	2016_03	up floor	3	132666.66666666666	5236.8421052631575	398000	76	81739
108	yes	2	1956	3	2016	2016_03	up floor	3	99666.66666666667	4397.058823529412	299000	68	80997
109	yes	NAN	1972	3	2016	2016_03	up floor	6	41666.666666666664	2083.3333333333335	250000	120	80689
110	yes	NAN	1967	3	2016	2016_03	up floor	3	101666.66666666667	4121.621621621622	305000	74	80997
111	yes	NAN	1968	3	2016	2016_03	up floor	3	126600.0	4631.707317073171	379800	82	81369
112	yes	2	1965	3	2016	2016_03	up floor	3	111000.0	5045.454545454545	333000	66	81475
113	yes	NAN	1968	3	2016	2016_03	up floor	3	106666.66666666667	4444.444444444444	320000	72	80935
114	yes	1	1969	3	2016	2016_03	NAN	3	125000.0	5597.014925373134	375000	67	81379
115	yes	2	1963	3	2016	2016_03	up floor	3	120666.66666666667	4525.0	362000	80	81927
116	yes	2	1978	3	2016	2016_03	up floor	3	133333.33333333334	4395.604395604396	400000	91	81477
117	yes	3	1973	3	2016	2016_03	up floor	4	91250.0	4397.590361445783	365000	83	85774
118	yes	NAN	2004	3	2016	2016_03	NAN	4	98750.0	4114.583333333333	395000	96	85679
119	yes	2	1972	3	2016	2016_03	up floor	3	121000.0	3989.010989010989	363000	91	85521
120	yes	3	1977	3	2016	2016_03	up floor	3	116666.66666666667	4320.9876543209875	350000	81	85221
121	yes	2	1983	3	2016	2016_03	up floor	3	116666.66666666667	3763.440860215054	350000	93	82024
122	yes	2	1994	3	2016	2016_03	ground floor	3	130000.0	4534.883720930233	390000	86	85757
123	yes	2	1969	3	2016	2016_03	up floor	4	92250.0	4100.0	369000	90	85757
124	yes	2	1973	3	2016	2016_03	up floor	3	71666.66666666667	2311.8279569892475	215000	93	82110
125	yes	2	1971	3	2016	2016_03	up floor	3	86333.33333333333	3547.945205479452	259000	73	82110
126	yes	2	1967	3	2016	2016_03	up floor	3	123333.33333333333	4933.333333333333	370000	75	81243
127	yes	NAN	1971	3	2016	2016_03	up floor	3	113333.33333333333	4096.385542168675	340000	83	81927
128	yes	2	1990	3	2016	2016_03	up floor	3	98333.33333333333	4402.985074626866	295000	67	81479
129	yes	NAN	1969	3	2016	2016_03	up floor	3	98333.33333333333	3687.5	295000	80	81735
130	yes	2	1965	3	2016	2016_03	NAN	3	113000.0	4842.857142857143	339000	70	80807
131	yes	2	1967	3	2016	2016_03	up floor	3	110500.0	5022.727272727273	331500	66	81539
132	yes	NAN	1969	3	2016	2016_03	up floor	3	109800.0	3743.181818181818	329400	88	81735
133	yes	2	NAN	3	2016	2016_03	up floor	3	99333.33333333333	3870.12987012987	298000	77	81737
134	yes	2	1966	3	2016	2016_03	up floor	3	100000.0	4000.0	300000	75	81475
135	yes	2	1989	3	2016	2016_03	up floor	3	98333.33333333333	3782.051282051282	295000	78	80997
136	yes	NAN	1963	3	2016	2016_03	up floor	3	121666.66666666667	5367.64705882353	365000	68	80636
137	yes	2	1999	3	2016	2016_03	up floor	3	131666.66666666666	5563.380281690141	395000	71	81825
138	yes	2	1960	3	2016	2016_03	up floor	3	126333.33333333333	5573.529411764706	379000	68	80807
139	yes	2	1988	3	2016	2016_03	up floor	3	99666.66666666667	4333.333333333333	299000	69	80939
140	yes	NAN	1968	3	2016	2016_03	ground floor	3	109666.66666666667	4386.666666666667	329000	75	81927
141	yes	2	1960	3	2016	2016_03	up floor	3	118333.33333333333	4733.333333333333	355000	75	80637
142	yes	2	1964	3	2016	2016_03	up floor	3	93333.33333333333	4117.64705882353	280000	68	81541
143	yes	2	1968	3	2016	2016_03	up floor	3	119666.66666666667	3902.1739130434785	359000	92	82008
144	yes	2	1972	3	2016	2016_03	ground floor	3	106333.33333333333	4037.974683544304	319000	79	85716
145	yes	NAN	1978	3	2016	2016_03	up floor	3	41666.666666666664	1562.5	125000	80	85640
146	yes	2	1980	3	2016	2016_03	up floor	3	111333.33333333333	3883.720930232558	334000	86	82110
147	yes	2	1980	3	2016	2016_03	ground floor	3	110000.0	3707.8651685393256	330000	89	82110
148	yes	1	1995	3	2016	2016_03	up floor	3	131666.66666666666	4702.380952380952	395000	84	85540
149	yes	NAN	1969	3	2016	2016_03	NAN	3	118333.33333333333	3944.4444444444443	355000	90	82008
150	yes	NAN	1971	3	2016	2016_03	up floor	3	125000.0	4360.46511627907	375000	86	85221
151	yes	2	1972	3	2016	2016_03	up floor	3	93166.66666666667	3726.6666666666665	279500	75	85716
152	yes	2	1992	3	2016	2016_03	up floor	3	111633.33333333333	4406.578947368421	334900	76	82024
0	yes	NAN	1971	3	2016	2016_03	up floor	4	98750.0	3989.89898989899	395000	99	81475
1	yes	2	1968	3	2016	2016_03	up floor	3	111666.66666666667	4589.041095890411	335000	73	80995
2	yes	2	1980	3	2016	2016_03	up floor	3	116333.33333333333	4362.5	349000	80	82152
3	yes	NAN	1982	3	2016	2016_03	up floor	3	128333.33333333333	3888.8888888888887	385000	99	85757
0	yes	2	1970	3	2016	2016_03	up floor	3	138333.33333333334	5320.51282051282	415000	78	81539
1	yes	1	1973	3	2016	2016_03	up floor	3	138333.33333333334	4414.893617021276	415000	94	81737
2	yes	NAN	2004	3	2016	2016_03	ground floor	3	137333.33333333334	5802.816901408451	412000	71	80992
3	yes	NAN	1966	3	2016	2016_03	NAN	3	78333.33333333333	3455.8823529411766	235000	68	81243
4	yes	NAN	1969	3	2016	2016_03	up floor	3	133700.0	4891.463414634146	401100	82	81737
5	yes	2	1999	3	2016	2016_03	ground floor	3	135500.0	4897.590361445783	406500	83	81829
6	yes	2	1978	3	2016	2016_03	ground floor	3	140000.0	5121.951219512195	420000	82	82152
7	yes	NAN	1984	3	2016	2016_03	up floor	4	104000.0	3816.5137614678897	416000	109	81929
8	yes	2	1969	3	2016	2016_03	up floor	3	139666.66666666666	5441.558441558442	419000	77	80939
9	yes	2	2015	3	2016	2016_03	up floor	3	138333.33333333334	5763.888888888889	415000	72	81243
10	yes	NAN	1959	3	2016	2016_03	up floor	3	140000.0	4941.176470588235	420000	85	81373
11	yes	1	1989	3	2016	2016_03	up floor	3	135000.0	5062.5	405000	80	80807
12	yes	NAN	2004	3	2016	2016_03	NAN	3	137333.33333333334	5802.816901408451	412000	71	80992
13	yes	NAN	2004	3	2016	2016_03	up floor	3	137333.33333333334	5802.816901408451	412000	71	80992
14	yes	2	1981	3	2016	2016_03	up floor	3	140000.0	4719.101123595506	420000	89	80939
15	yes	2	1971	3	2016	2016_03	up floor	3	137500.0	4969.879518072289	412500	83	81927
16	yes	NAN	1989	3	2016	2016_03	up floor	4	104875.0	4237.373737373738	419500	99	85757
17	yes	2	1984	3	2016	2016_03	up floor	4	102250.0	4701.149425287356	409000	87	81241
18	yes	3	1967	3	2016	2016_03	up floor	4	99575.0	5041.772151898735	398300	79	81541
19	yes	2	1961	3	2016	2016_03	up floor	3	139666.66666666666	5048.192771084337	419000	83	80687
20	yes	3	1967	3	2016	2016_03	up floor	3	114083.33333333333	5033.088235294118	342250	68	81539
21	yes	2	2016	3	2016	2016_03	up floor	3	136300.0	6930.5084745762715	408900	59	81737
0	yes	NAN	1965	3	2016	2016_03	ground floor	3	101666.66666666667	4357.142857142857	305000	70	80686
1	yes	2	1974	3	2016	2016_03	up floor	3	115000.0	4928.571428571428	345000	70	82008
2	yes	1	1994	3	2016	2016_03	up floor	3	131666.66666666666	5129.87012987013	395000	77	81241
3	yes	2	1968	3	2016	2016_03	up floor	3	132666.66666666666	5378.378378378378	398000	74	80995
4	yes	1	1962	3	2016	2016_03	up floor	3	131666.66666666666	6370.967741935484	395000	62	80687
5	yes	NAN	2017	3	2016	2016_03	up floor	3	132000.0	6000.0	396000	66	81241
6	yes	NAN	1973	3	2016	2016_03	up floor	3	130966.66666666667	4733.734939759036	392900	83	81737
7	yes	3	1976	3	2016	2016_03	up floor	4	67250.0	3127.906976744186	269000	86	80993
8	yes	2	2001	3	2016	2016_03	up floor	3	133000.0	5250.0	399000	76	80939
0	yes	3	1967	3	2016	2016_03	up floor	4	84250.0	3918.6046511627906	337000	86	82008
1	yes	2	2000	3	2016	2016_03	up floor	3	133000.0	4534.090909090909	399000	88	81927
2	yes	3	1968	3	2016	2016_03	ground floor	3	116666.66666666667	4268.292682926829	350000	82	81369
3	yes	2	1973	3	2016	2016_03	up floor	3	96333.33333333333	3524.390243902439	289000	82	81737
0	yes	NAN	1963	3	2016	2016_03	up floor	3	130000.0	5492.957746478874	390000	71	80807
1	yes	2	1966	3	2016	2016_03	up floor	3	109666.66666666667	4700.0	329000	70	80995
2	yes	3	1984	3	2016	2016_03	up floor	4	85000.0	4533.333333333333	340000	75	80997
3	yes	NAN	1983	3	2016	2016_03	NAN	3	115000.0	4312.5	345000	80	81379
4	yes	2	1956	3	2016	2016_03	up floor	3	126000.0	6000.0	378000	63	80804
5	yes	NAN	1966	3	2016	2016_03	NAN	3	78333.33333333333	3455.8823529411766	235000	68	81243
6	yes	NAN	1964	3	2016	2016_03	NAN	3	75000.0	3629.032258064516	225000	62	80992
0	yes	2	1987	3	2016	2016_03	up floor	3	125000.0	5281.69014084507	375000	71	80993
1	yes	2	1997	3	2016	2016_03	ground floor	3	116633.33333333333	4485.897435897436	349900	78	85757
2	yes	2	1973	3	2016	2016_03	up floor	3	133000.0	5700.0	399000	70	81737
0	yes	NAN	1890	3	2016	2016_03	up floor	3	129666.66666666667	5984.615384615385	389000	65	80339
1	yes	NAN	2004	3	2016	2016_03	NAN	3	137333.33333333334	5802.816901408451	412000	71	80992
2	yes	2	1996	3	2016	2016_03	up floor	3	138333.33333333334	5187.5	415000	80	81737
0	yes	NAN	1969	4	2016	2016_04	up floor	3	118333.33333333333	4493.670886075949	355000	79	81735
1	yes	3	1968	4	2016	2016_04	ground floor	3	116666.66666666667	4268.292682926829	350000	82	81369
2	yes	2	1993	4	2016	2016_04	up floor	3	117666.66666666667	4835.6164383561645	353000	73	81243
3	yes	2	1978	4	2016	2016_04	NAN	3	126333.33333333333	4211.111111111111	379000	90	81371
4	yes	2	1973	4	2016	2016_04	up floor	3	108333.33333333333	4333.333333333333	325000	75	82061
5	yes	NAN	1973	4	2016	2016_04	up floor	3	113166.66666666667	4090.3614457831327	339500	83	81737
6	yes	NAN	1973	4	2016	2016_04	up floor	4	84700.0	3894.2528735632186	338800	87	81737
7	yes	1	2016	4	2016	2016_04	up floor	3	130000.0	6500.0	390000	60	81549
8	yes	2	1965	4	2016	2016_04	up floor	3	99333.33333333333	4966.666666666667	298000	60	80933
9	yes	3	1984	4	2016	2016_04	up floor	3	113333.33333333333	5000.0	340000	68	80997
0	yes	NAN	1972	4	2016	2016_04	up floor	3	109666.66666666667	4328.9473684210525	329000	76	85757
1	yes	NAN	1971	7	2016	2016_07	up floor	NAN	NAN	4125.0	330000	80	80686
2	yes	2	1968	7	2016	2016_07	up floor	3	114333.33333333333	4763.888888888889	343000	72	82008
3	yes	2	1982	7	2016	2016_07	up floor	3	130000.0	NAN	390000	NAN	81739
4	yes	3	1972	7	2016	2016_07	up floor	4	99750.0	4433.333333333333	399000	90	80997
5	yes	2	1963	7	2016	2016_07	ground floor	3	135000.0	5785.714285714285	405000	70	81475
6	yes	1	1983	7	2016	2016_07	NAN	3	116333.33333333333	4653.333333333333	349000	75	81379
7	yes	2	1996	7	2016	2016_07	up floor	3	113000.0	4520.0	339000	75	85757
8	yes	2	1966	7	2016	2016_07	up floor	3	95000.0	3958.3333333333335	285000	72	85757
9	yes	2	1967	7	2016	2016_07	up floor	3	106333.33333333333	NAN	319000	NAN	82008
10	yes	2	1976	7	2016	2016_07	up floor	NAN	NAN	4184.782608695652	385000	92	81925
11	yes	NAN	1983	7	2016	2016_07	NAN	3	127666.66666666667	5394.366197183099	383000	71	81541
12	yes	2	1997	7	2016	2016_07	up floor	3	120000.0	4864.864864864865	360000	74	80995
13	yes	NAN	NAN	7	2016	2016_07	up floor	3	123333.33333333333	4868.421052631579	370000	76	81927
14	yes	2	1989	7	2016	2016_07	up floor	3	78333.33333333333	3263.8888888888887	235000	72	81737
15	yes	NAN	1971	7	2016	2016_07	up floor	3	113333.33333333333	4096.385542168675	340000	83	81927
16	yes	2	1970	7	2016	2016_07	up floor	3	89666.66666666667	3842.8571428571427	269000	70	81243
17	yes	NAN	1972	7	2016	2016_07	up floor	4	99500.0	4574.712643678161	398000	87	81735
18	yes	2	1966	7	2016	2016_07	up floor	3	116666.66666666667	NAN	350000	NAN	81249
19	yes	2	1965	7	2016	2016_07	up floor	3	115000.0	5750.0	345000	60	80935
20	yes	NAN	1965	7	2016	2016_07	up floor	3	111666.66666666667	NAN	335000	NAN	80997
21	yes	1	1958	7	2016	2016_07	up floor	3	136000.0	6276.923076923077	408000	65	80686
22	yes	NAN	1966	7	2016	2016_07	up floor	3	119666.66666666667	NAN	359000	NAN	81475
23	yes	2	1968	7	2016	2016_07	up floor	3	93333.33333333333	4057.9710144927535	280000	69	80933
24	yes	2	NAN	7	2016	2016_07	up floor	3	118333.33333333333	5220.588235294118	355000	68	80686
25	yes	NAN	2017	7	2016	2016_07	NAN	3	139833.33333333334	NAN	419500	NAN	81825
26	yes	2	1964	7	2016	2016_07	up floor	3	121666.66666666667	5289.855072463768	365000	69	80995
27	yes	3	1972	7	2016	2016_07	up floor	4	104625.0	NAN	418500	NAN	81737
28	yes	3	1966	7	2016	2016_07	up floor	3	131666.66666666666	NAN	395000	NAN	80639
29	yes	2	1977	7	2016	2016_07	ground floor	3	123000.0	5271.428571428572	369000	70	81475
30	yes	2	1973	7	2016	2016_07	up floor	3	83000.0	3112.5	249000	80	81373
31	yes	2	1967	7	2016	2016_07	up floor	3	116333.33333333333	4716.216216216216	349000	74	81379
32	yes	NAN	1970	7	2016	2016_07	up floor	3	48666.666666666664	1759.0361445783133	146000	83	81245
33	yes	2	2000	7	2016	2016_07	up floor	3	121666.66666666667	4866.666666666667	365000	75	81927
34	yes	NAN	1971	7	2016	2016_07	up floor	3	139666.66666666666	5109.756097560976	419000	82	81479
35	yes	2	1975	7	2016	2016_07	up floor	3	106650.0	4050.0	319950	79	81737
36	yes	NAN	1973	7	2016	2016_07	up floor	4	100325.0	4612.64367816092	401300	87	81737
37	yes	NAN	1973	7	2016	2016_07	up floor	5	75420.0	4285.227272727273	377100	88	81737
38	yes	NAN	1973	7	2016	2016_07	up floor	NAN	NAN	4154.022988505747	361400	87	81737
39	yes	2	1976	7	2016	2016_07	up floor	3	119666.66666666667	4174.418604651163	359000	86	81827
40	yes	2	1967	7	2016	2016_07	up floor	NAN	NAN	NAN	389000	NAN	81927
41	yes	2	1957	7	2016	2016_07	up floor	3	108333.33333333333	5603.448275862069	325000	58	80997
42	yes	NAN	NAN	7	2016	2016_07	NAN	4	103750.0	NAN	415000	NAN	81737
43	yes	NAN	1971	7	2016	2016_07	up floor	4	95000.0	3800.0	380000	100	80993
44	yes	NAN	1994	7	2016	2016_07	ground floor	3	131666.66666666666	NAN	395000	NAN	81249
45	yes	2	1958	7	2016	2016_07	up floor	3	126333.33333333333	5921.875	379000	64	80686
46	yes	NAN	1973	7	2016	2016_07	up floor	NAN	NAN	4732.530120481928	392800	83	81737
0	yes	NAN	1971	7	2016	2016_07	up floor	3	110000.0	4125.0	330000	80	81375
1	yes	2	1975	7	2016	2016_07	up floor	3	125000.0	NAN	375000	NAN	81737
2	yes	NAN	1982	7	2016	2016_07	up floor	3	131666.66666666666	4702.380952380952	395000	84	81927
3	yes	2	2001	7	2016	2016_07	up floor	3	132000.0	5210.526315789473	396000	76	80939
4	yes	NAN	1984	7	2016	2016_07	up floor	4	99975.0	3635.4545454545455	399900	110	81929
5	yes	NAN	1966	7	2016	2016_07	up floor	3	116333.33333333333	NAN	349000	NAN	80933
6	yes	2	1995	7	2016	2016_07	up floor	3	130000.0	4756.09756097561	390000	82	85757
7	yes	2	1970	7	2016	2016_07	up floor	3	131666.66666666666	NAN	395000	NAN	81245
8	yes	2	2005	7	2016	2016_07	ground floor	3	100000.0	4285.714285714285	300000	70	81476
9	yes	2	1963	7	2016	2016_07	up floor	3	131666.66666666666	5563.380281690141	395000	71	80807
10	yes	2	1968	7	2016	2016_07	up floor	3	113333.33333333333	4788.732394366197	340000	71	82008
11	yes	3	1967	7	2016	2016_07	up floor	4	99575.0	NAN	398300	NAN	81541
12	yes	2	1974	7	2016	2016_07	up floor	3	131666.66666666666	NAN	395000	NAN	80689
13	yes	3	1975	7	2016	2016_07	up floor	4	84375.0	NAN	337500	NAN	81829
14	yes	NAN	NAN	7	2016	2016_07	NAN	3	121666.66666666667	5289.855072463768	365000	69	80995
15	yes	2	1989	7	2016	2016_07	ground floor	3	123333.33333333333	5211.267605633803	370000	71	81927
16	yes	2	1972	7	2016	2016_07	up floor	3	99666.66666666667	NAN	299000	NAN	81243
17	yes	2	1966	7	2016	2016_07	up floor	3	121666.66666666667	NAN	365000	NAN	81243
18	yes	3	1967	7	2016	2016_07	up floor	4	100000.0	NAN	400000	NAN	80935
19	yes	2	1978	7	2016	2016_07	NAN	3	129666.66666666667	NAN	389000	NAN	81737
20	yes	2	1972	7	2016	2016_07	up floor	3	113333.33333333333	4250.0	340000	80	85757
21	yes	2	1967	7	2016	2016_07	up floor	3	111666.66666666667	4589.041095890411	335000	73	81475
22	yes	NAN	1967	7	2016	2016_07	up floor	3	129666.66666666667	5256.756756756757	389000	74	80935
23	yes	NAN	1971	7	2016	2016_07	NAN	3	110000.0	4125.0	330000	80	81375
24	yes	NAN	1967	7	2016	2016_07	up floor	3	136333.33333333334	NAN	409000	NAN	81249
25	yes	NAN	NAN	7	2016	2016_07	NAN	3	132333.33333333334	5438.356164383562	397000	73	80937
26	yes	3	1995	7	2016	2016_07	up floor	4	87500.0	3888.8888888888887	350000	90	81539
27	yes	2	1970	7	2016	2016_07	up floor	3	126500.0	NAN	379500	NAN	81673
28	yes	NAN	1965	7	2016	2016_07	up floor	3	106333.33333333333	4623.188405797101	319000	69	80993
29	yes	NAN	2002	7	2016	2016_07	NAN	3	97666.66666666667	NAN	293000	NAN	81539
30	yes	3	1941	7	2016	2016_07	NAN	NAN	NAN	4655.555555555556	419000	90	81377
31	yes	2	1968	7	2016	2016_07	up floor	3	113333.33333333333	4358.974358974359	340000	78	81245
32	yes	3	1967	7	2016	2016_07	up floor	4	96450.0	NAN	385800	NAN	81541
33	yes	1	1983	7	2016	2016_07	up floor	3	100000.0	NAN	300000	NAN	81737
34	yes	NAN	1972	7	2016	2016_07	up floor	4	100000.0	NAN	400000	NAN	81737
35	yes	2	1973	7	2016	2016_07	up floor	3	128333.33333333333	NAN	385000	NAN	81737
36	yes	3	1967	7	2016	2016_07	up floor	3	111583.33333333333	NAN	334750	NAN	81539
37	yes	NAN	1963	7	2016	2016_07	up floor	4	99750.0	NAN	399000	NAN	80639
0	yes	2	1968	7	2016	2016_07	up floor	3	118333.33333333333	NAN	355000	NAN	81245
1	yes	NAN	1971	7	2016	2016_07	up floor	3	110000.0	4125.0	330000	80	81375
2	yes	2	1969	7	2016	2016_07	up floor	3	137333.33333333334	5150.0	412000	80	80939
3	yes	2	1969	7	2016	2016_07	NAN	3	109333.33333333333	NAN	328000	NAN	85757
4	yes	3	1975	7	2016	2016_07	up floor	4	99500.0	4234.04255319149	398000	94	80935
5	yes	1	1964	7	2016	2016_07	NAN	3	128333.33333333333	NAN	385000	NAN	81479
6	yes	1	1981	7	2016	2016_07	ground floor	3	140000.0	NAN	420000	NAN	81929
7	yes	NAN	1967	7	2016	2016_07	up floor	3	111666.66666666667	4652.777777777777	335000	72	80935
8	yes	NAN	1966	7	2016	2016_07	up floor	3	105000.0	NAN	315000	NAN	81379
9	yes	2	1972	7	2016	2016_07	up floor	3	138333.33333333334	5000.0	415000	83	80687
10	yes	3	1963	7	2016	2016_07	up floor	4	101250.0	NAN	405000	NAN	81475
11	yes	NAN	1986	7	2016	2016_07	up floor	3	121666.66666666667	5214.285714285715	365000	70	80939
12	yes	NAN	1979	7	2016	2016_07	up floor	3	91666.66666666667	NAN	275000	NAN	81373
13	yes	1	1982	7	2016	2016_07	up floor	3	133166.66666666666	NAN	399500	NAN	80809
14	yes	2	1972	7	2016	2016_07	up floor	3	113000.0	NAN	339000	NAN	81243
15	yes	2	1970	7	2016	2016_07	up floor	3	128333.33333333333	4638.55421686747	385000	83	81241
16	yes	2	1975	7	2016	2016_07	up floor	NAN	NAN	NAN	329000	NAN	81735
17	yes	2	1966	7	2016	2016_07	up floor	3	100000.0	NAN	300000	NAN	81475
18	yes	NAN	2002	7	2016	2016_07	up floor	3	97666.66666666667	4439.393939393939	293000	66	81539
19	yes	2	1957	7	2016	2016_07	up floor	3	122666.66666666667	NAN	368000	NAN	81677
20	yes	2	1983	7	2016	2016_07	NAN	3	140000.0	NAN	420000	NAN	81241
21	yes	NAN	1968	7	2016	2016_07	up floor	3	118666.66666666667	NAN	356000	NAN	80686
22	yes	2	1942	7	2016	2016_07	ground floor	3	74933.33333333333	3875.862068965517	224800	58	81377
23	yes	1	1988	7	2016	2016_07	NAN	3	120000.0	4931.506849315068	360000	73	81739
24	yes	2	1967	7	2016	2016_07	up floor	3	122666.66666666667	5041.095890410959	368000	73	81243
25	yes	2	1975	7	2016	2016_07	up floor	3	104833.33333333333	NAN	314500	NAN	81829
0	yes	2	1965	7	2016	2016_07	up floor	3	106666.66666666667	4507.042253521126	320000	71	81927
1	yes	NAN	1983	7	2016	2016_07	ground floor	3	123333.33333333333	5000.0	370000	74	81927
2	yes	2	1961	7	2016	2016_07	up floor	3	110000.0	NAN	330000	NAN	81476
0	yes	NAN	1997	8	2016	2016_08	up floor	3	136666.66666666666	5394.736842105263	410000	76	80939
1	yes	2	1972	8	2016	2016_08	up floor	3	99666.66666666667	NAN	299000	NAN	81243
2	yes	NAN	1983	8	2016	2016_08	NAN	3	127666.66666666667	5394.366197183099	383000	71	81541
3	yes	NAN	1971	8	2016	2016_08	NAN	3	110000.0	4125.0	330000	80	81375
4	yes	2	2002	8	2016	2016_08	up floor	3	116333.33333333333	NAN	349000	NAN	81377
5	yes	NAN	1961	8	2016	2016_08	up floor	3	106666.66666666667	3902.439024390244	320000	82	81675
6	yes	NAN	1962	8	2016	2016_08	up floor	3	115333.33333333333	4942.857142857143	346000	70	81475
7	yes	2	1956	8	2016	2016_08	up floor	3	83000.0	NAN	249000	NAN	81241
8	yes	NAN	1965	8	2016	2016_08	up floor	3	121000.0	5500.0	363000	66	80689
9	yes	NAN	1973	8	2016	2016_08	up floor	NAN	NAN	4177.0114942528735	363400	87	81737
10	yes	NAN	1972	8	2016	2016_08	up floor	3	123000.0	5676.923076923077	369000	65	80797
11	yes	1	2003	8	2016	2016_08	ground floor	3	93333.33333333333	5090.909090909091	280000	55	81827
0	yes	2	2014	8	2016	2016_08	up floor	3	129666.66666666667	4743.90243902439	389000	82	81241
1	yes	2	1972	8	2016	2016_08	up floor	3	133000.0	4807.22891566265	399000	83	80687
2	yes	2	1996	8	2016	2016_08	ground floor	3	123333.33333333333	5138.888888888889	370000	72	80995
3	yes	NAN	1998	8	2016	2016_08	up floor	3	123333.33333333333	4868.421052631579	370000	76	81927
4	yes	2	1975	8	2016	2016_08	up floor	3	115000.0	4928.571428571428	345000	70	81737
5	yes	NAN	2017	8	2016	2016_08	NAN	3	139833.33333333334	NAN	419500	NAN	81827
0	yes	NAN	1975	8	2016	2016_08	up floor	4	92500.0	3775.5102040816328	370000	98	85757
1	yes	2	1995	8	2016	2016_08	up floor	3	131666.66666666666	5266.666666666667	395000	75	82152
2	yes	3	1968	8	2016	2016_08	up floor	4	105000.0	4772.727272727273	420000	88	81927
3	yes	NAN	1984	8	2016	2016_08	NAN	4	100000.0	3636.3636363636365	400000	110	81929
4	yes	2	1961	8	2016	2016_08	up floor	NAN	NAN	2835.164835164835	258000	91	81737
5	yes	2	NAN	8	2016	2016_08	up floor	3	130000.0	5342.465753424657	390000	73	80995
6	yes	NAN	1972	8	2016	2016_08	up floor	3	121666.66666666667	5000.0	365000	73	80997
7	yes	NAN	1971	8	2016	2016_08	NAN	3	110000.0	4125.0	330000	80	81375
8	yes	1	2017	8	2016	2016_08	NAN	3	139833.33333333334	NAN	419500	NAN	80999
9	yes	2	2001	8	2016	2016_08	up floor	3	132000.0	5210.526315789473	396000	76	80939
10	yes	NAN	1978	8	2016	2016_08	up floor	3	109333.33333333333	4049.382716049383	328000	81	81245
11	yes	2	NAN	8	2016	2016_08	up floor	3	118333.33333333333	5461.538461538462	355000	65	81927
12	yes	2	2012	8	2016	2016_08	up floor	3	128000.0	NAN	384000	NAN	81829
13	yes	2	1972	8	2016	2016_08	up floor	3	133000.0	NAN	399000	NAN	81477
14	yes	NAN	NAN	8	2016	2016_08	NAN	3	128333.33333333333	4425.287356321839	385000	87	82152
15	yes	3	1967	8	2016	2016_08	up floor	4	96450.0	NAN	385800	NAN	81541
0	yes	NAN	1987	8	2016	2016_08	up floor	3	136666.66666666666	NAN	410000	NAN	81379
1	yes	2	1970	8	2016	2016_08	up floor	3	133333.33333333334	NAN	400000	NAN	80997
2	yes	2	1962	8	2016	2016_08	ground floor	3	115114.33333333333	NAN	345343	NAN	81925
3	yes	2	1962	8	2016	2016_08	up floor	3	115114.33333333333	NAN	345343	NAN	81925
4	yes	NAN	2016	8	2016	2016_08	NAN	5	NAN	NAN	NAN	209	81479
0	yes	2	1972	8	2016	2016_08	up floor	3	99666.66666666667	3883.116883116883	299000	77	85757
1	yes	NAN	NAN	8	2016	2016_08	up floor	3	139666.66666666666	5371.794871794872	419000	78	81549
2	yes	2	1956	8	2016	2016_08	up floor	3	116333.33333333333	5816.666666666667	349000	60	81671
3	yes	2	1957	8	2016	2016_08	up floor	3	105000.0	5431.0344827586205	315000	58	80997
0	yes	3	1969	8	2016	2016_08	ground floor	4	104750.0	4761.363636363636	419000	88	80939
1	yes	4	1960	8	2016	2016_08	up floor	5	66000.0	3300.0	330000	100	81737
2	yes	4	2003	8	2016	2016_08	up floor	6	0.0	0.0	0	200	81373
3	yes	NAN	1970	8	2016	2016_08	NAN	3	48666.666666666664	NAN	146000	NAN	81245
4	yes	3	1975	8	2016	2016_08	up floor	4	98750.0	4030.612244897959	395000	98	85757
5	yes	2	2006	8	2016	2016_08	up floor	4	99500.0	NAN	398000	NAN	81369
6	yes	2	1967	8	2016	2016_08	up floor	3	117666.66666666667	5786.88524590164	353000	61	80939
7	yes	3	1972	8	2016	2016_08	up floor	4	104250.0	4793.103448275862	417000	87	81737
8	yes	2	1967	8	2016	2016_08	up floor	NAN	NAN	NAN	379000	NAN	81927
0	yes	NAN	1969	8	2016	2016_08	up floor	NAN	NAN	NAN	379000	NAN	81671
1	yes	NAN	1966	8	2016	2016_08	up floor	3	110000.0	4285.714285714285	330000	77	81927
2	yes	2	1961	8	2016	2016_08	up floor	3	130000.0	5000.0	390000	78	81475
3	yes	NAN	1967	8	2016	2016_08	up floor	3	136333.33333333334	NAN	409000	NAN	81249
4	yes	3	1964	8	2016	2016_08	NAN	4	104750.0	5172.83950617284	419000	81	80995
5	yes	3	1975	8	2016	2016_08	up floor	4	98750.0	4030.612244897959	395000	98	85757
6	yes	2	1979	8	2016	2016_08	up floor	NAN	NAN	4694.117647058823	399000	85	81673
7	yes	NAN	1982	8	2016	2016_08	NAN	3	133000.0	4750.0	399000	84	81243
0	yes	NAN	1995	8	2016	2016_08	up floor	3	136666.66666666666	5324.675324675325	410000	77	80939
1	yes	2	1960	8	2016	2016_08	up floor	3	93166.66666666667	NAN	279500	NAN	80807
2	yes	2	1970	8	2016	2016_08	up floor	3	128333.33333333333	4638.55421686747	385000	83	81241
3	yes	NAN	1971	8	2016	2016_08	up floor	3	113333.33333333333	4096.385542168675	340000	83	81927
0	yes	NAN	1965	8	2016	2016_08	up floor	NAN	NAN	4510.869565217391	415000	92	80689
1	yes	NAN	1964	8	2016	2016_08	up floor	3	121666.66666666667	5069.444444444444	365000	72	81243
0	yes	2	1973	8	2016	2016_08	up floor	3	109333.33333333333	NAN	328000	NAN	81243
1	yes	2	1966	8	2016	2016_08	up floor	3	133000.0	NAN	399000	NAN	80995
2	yes	2	1966	8	2016	2016_08	up floor	3	108333.33333333333	NAN	325000	NAN	80933
3	yes	NAN	1956	8	2016	2016_08	up floor	3	116666.66666666667	6363.636363636364	350000	55	81671
4	yes	NAN	1973	8	2016	2016_08	up floor	NAN	NAN	4177.0114942528735	363400	87	81737
5	yes	NAN	1973	8	2016	2016_08	up floor	5	75420.0	4285.227272727273	377100	88	81737
6	yes	NAN	1973	8	2016	2016_08	up floor	NAN	NAN	4154.022988505747	361400	87	81737
0	yes	NAN	1973	8	2016	2016_08	up floor	3	116666.66666666667	4375.0	350000	80	81735
1	yes	NAN	NAN	8	2016	2016_08	NAN	3	126333.33333333333	NAN	379000	NAN	81475
0	yes	NAN	1968	9	2016	2016_09	up floor	NAN	NAN	2682.1428571428573	262850	98	81925
1	yes	NAN	1965	9	2016	2016_09	up floor	3	139666.66666666666	5739.726027397261	419000	73	80995
2	yes	5	1989	9	2016	2016_09	up floor	6	66450.0	2847.8571428571427	398700	140	85757
3	yes	2	1972	9	2016	2016_09	up floor	3	99666.66666666667	3883.116883116883	299000	77	85757
4	yes	2	1967	9	2016	2016_09	up floor	3	106333.33333333333	4310.810810810811	319000	74	81379
0	yes	2	2003	9	2016	2016_09	up floor	3	0.0	0.0	0	80	81373
1	yes	2	1969	9	2016	2016_09	up floor	3	140000.0	5384.615384615385	420000	78	81671
2	yes	2	NAN	9	2016	2016_09	up floor	3	120000.0	5217.391304347826	360000	69	81673
3	yes	2	1956	9	2016	2016_09	up floor	3	140000.0	6461.538461538462	420000	65	81667
4	yes	2	1989	9	2016	2016_09	up floor	3	140000.0	5454.545454545455	420000	77	81739
0	yes	1	1967	9	2016	2016_09	up floor	3	129500.0	5180.0	388500	75	81927
1	yes	2	1968	9	2016	2016_09	up floor	3	105000.0	5163.934426229508	315000	61	81245
2	yes	NAN	2017	9	2016	2016_09	NAN	3	139833.33333333334	NAN	419500	NAN	81827
0	yes	2	1970	9	2016	2016_09	up floor	3	132666.66666666666	4522.727272727273	398000	88	80993
1	yes	NAN	NAN	9	2016	2016_09	NAN	3	114666.66666666667	NAN	344000	NAN	81927
2	yes	2	2006	9	2016	2016_09	up floor	3	111666.66666666667	NAN	335000	NAN	81377
3	yes	1	1960	9	2016	2016_09	up floor	4	99750.0	5465.753424657534	399000	73	81369
4	yes	NAN	1983	9	2016	2016_09	NAN	3	127666.66666666667	5394.366197183099	383000	71	81541
5	yes	3	1970	9	2016	2016_09	up floor	4	94500.0	3857.1428571428573	378000	98	85757
6	yes	2	1966	9	2016	2016_09	up floor	3	109000.0	NAN	327000	NAN	82152
7	yes	2	NAN	9	2016	2016_09	up floor	3	119000.0	NAN	357000	NAN	80687
8	yes	NAN	1988	9	2016	2016_09	up floor	3	114666.66666666667	NAN	344000	NAN	80939
9	yes	2	1970	9	2016	2016_09	ground floor	3	89666.66666666667	3405.0632911392404	269000	79	81735
10	yes	2	1972	9	2016	2016_09	up floor	3	128333.33333333333	4812.5	385000	80	81243
11	yes	2	1996	9	2016	2016_09	up floor	3	123300.0	NAN	369900	NAN	81245
12	yes	2	1972	9	2016	2016_09	up floor	3	123333.33333333333	4868.421052631579	370000	76	80809
13	yes	2	1982	9	2016	2016_09	ground floor	3	132833.33333333334	5243.421052631579	398500	76	81249
14	yes	NAN	1972	9	2016	2016_09	NAN	4	81250.0	3651.6853932584268	325000	89	80637
15	yes	2	1967	9	2016	2016_09	up floor	3	99666.66666666667	NAN	299000	NAN	80687
16	yes	2	1960	9	2016	2016_09	up floor	3	109666.66666666667	NAN	329000	NAN	81476
17	yes	2	1972	9	2016	2016_09	up floor	3	125333.33333333333	NAN	376000	NAN	81737
18	yes	NAN	NAN	9	2016	2016_09	NAN	3	135000.0	5785.714285714285	405000	70	81475
19	yes	NAN	1967	9	2016	2016_09	up floor	3	123333.33333333333	NAN	370000	NAN	80689
20	yes	1	1900	9	2016	2016_09	NAN	3	104233.33333333333	NAN	312700	NAN	81379
21	yes	2	1965	9	2016	2016_09	up floor	3	93333.33333333333	4242.424242424242	280000	66	81243
22	yes	2	1956	9	2016	2016_09	up floor	3	109000.0	5736.8421052631575	327000	57	81677
23	yes	NAN	1971	9	2016	2016_09	up floor	3	113333.33333333333	4096.385542168675	340000	83	81927
24	yes	NAN	1982	9	2016	2016_09	up floor	3	130000.0	4642.857142857143	390000	84	81927
25	yes	2	1983	9	2016	2016_09	up floor	3	129666.66666666667	4743.90243902439	389000	82	81241
26	yes	2	1964	9	2016	2016_09	up floor	3	121666.66666666667	5289.855072463768	365000	69	80993
0	yes	NAN	1967	9	2016	2016_09	up floor	3	119666.66666666667	4378.048780487805	359000	82	81549
1	yes	2	1974	9	2016	2016_09	up floor	3	116333.33333333333	4653.333333333333	349000	75	80687
2	yes	2	2004	9	2016	2016_09	up floor	3	128666.66666666667	4195.652173913043	386000	92	82152
3	yes	2	1984	9	2016	2016_09	up floor	3	130000.0	4756.09756097561	390000	82	81243
4	yes	2	1965	9	2016	2016_09	up floor	3	116666.66666666667	NAN	350000	NAN	80933
5	yes	2	1997	9	2016	2016_09	up floor	3	133000.0	5181.818181818182	399000	77	81829
6	yes	NAN	1965	9	2016	2016_09	up floor	3	113333.33333333333	NAN	340000	NAN	80997
0	yes	2	1996	9	2016	2016_09	up floor	3	123300.0	NAN	369900	NAN	81245
1	yes	NAN	1966	9	2016	2016_09	up floor	3	113166.66666666667	4526.666666666667	339500	75	80933
2	yes	2	1968	9	2016	2016_09	NAN	3	99333.33333333333	4027.027027027027	298000	74	82008
3	yes	NAN	2012	9	2016	2016_09	NAN	6	58333.333333333336	2430.5555555555557	350000	144	81737
4	yes	NAN	1962	9	2016	2016_09	up floor	4	102500.0	5000.0	410000	82	81475
5	yes	NAN	2015	9	2016	2016_09	up floor	4	104500.0	4019.230769230769	418000	104	80797
6	yes	2	1968	9	2016	2016_09	up floor	3	103333.33333333333	4133.333333333333	310000	75	81735
7	yes	NAN	1963	9	2016	2016_09	up floor	3	139333.33333333334	5726.027397260274	418000	73	81476
8	yes	NAN	1963	9	2016	2016_09	up floor	3	139333.33333333334	5726.027397260274	418000	73	81475
9	yes	NAN	1959	9	2016	2016_09	up floor	3	86666.66666666667	4126.984126984127	260000	63	80997
0	yes	2	1967	9	2016	2016_09	up floor	3	120000.0	4736.8421052631575	360000	76	81927
1	yes	2	1967	9	2016	2016_09	up floor	3	120000.0	NAN	360000	NAN	80935
2	yes	2	1963	9	2016	2016_09	up floor	NAN	NAN	4445.78313253012	369000	83	81673
3	yes	NAN	1973	9	2016	2016_09	up floor	4	82375.0	3744.318181818182	329500	88	81737
4	yes	NAN	1973	9	2016	2016_09	up floor	NAN	NAN	4164.634146341464	341500	82	81737
5	yes	NAN	1973	9	2016	2016_09	up floor	4	92100.0	4234.482758620689	368400	87	81737
6	yes	NAN	1973	9	2016	2016_09	up floor	NAN	NAN	3929.268292682927	322200	82	81737
7	yes	NAN	1973	9	2016	2016_09	up floor	NAN	NAN	4301.219512195122	352700	82	81737
8	yes	NAN	1973	9	2016	2016_09	up floor	4	90075.0	4094.318181818182	360300	88	81737
9	yes	NAN	1988	9	2016	2016_09	up floor	3	126666.66666666667	4871.794871794872	380000	78	81739
10	yes	NAN	1962	9	2016	2016_09	ground floor	3	138000.0	NAN	414000	NAN	80807
11	yes	2	2000	9	2016	2016_09	ground floor	3	131666.66666666666	5410.958904109589	395000	73	81735
12	yes	2	1968	9	2016	2016_09	up floor	3	113333.33333333333	4358.974358974359	340000	78	81245
13	yes	NAN	1973	9	2016	2016_09	up floor	NAN	NAN	4225.581395348837	363400	86	81737
14	yes	2	1970	9	2016	2016_09	NAN	3	119666.66666666667	3663.265306122449	359000	98	85221
15	yes	2	1972	9	2016	2016_09	up floor	NAN	NAN	3282.3529411764707	279000	85	82078
16	yes	2	1972	9	2016	2016_09	up floor	3	120000.0	4675.324675324675	360000	77	82110
17	yes	2	1972	9	2016	2016_09	up floor	3	131666.66666666666	3495.575221238938	395000	113	85521
18	yes	NAN	NAN	9	2016	2016_09	up floor	4	105000.0	NAN	420000	NAN	85521
19	yes	2	1966	9	2016	2016_09	up floor	3	116333.33333333333	NAN	349000	NAN	85221
20	yes	3	1974	9	2016	2016_09	ground floor	4	74750.0	3082.4742268041236	299000	97	85221
21	yes	2	1969	9	2016	2016_09	up floor	3	99566.66666666667	NAN	298700	NAN	82008
22	yes	3	1971	9	2016	2016_09	NAN	NAN	NAN	4100.0	369000	90	85521
23	yes	2	1980	9	2016	2016_09	up floor	3	106000.0	3697.6744186046512	318000	86	82110
0	yes	2	1963	10	2016	2016_10	up floor	3	123000.0	NAN	369000	NAN	80807
1	yes	NAN	1993	10	2016	2016_10	NAN	3	133333.33333333334	7407.407407407408	400000	54	80992
2	yes	2	2000	10	2016	2016_10	NAN	3	119966.66666666667	5623.4375	359900	64	80686
3	yes	3	1972	10	2016	2016_10	NAN	NAN	NAN	NAN	369000	NAN	82178
4	yes	NAN	NAN	10	2016	2016_10	NAN	3	82833.33333333333	3550.0	248500	70	82110
0	yes	NAN	1963	10	2016	2016_10	up floor	3	139333.33333333334	5726.027397260274	418000	73	81475
1	yes	2	1997	10	2016	2016_10	up floor	3	108166.66666666667	4635.714285714285	324500	70	80993
2	yes	2	1966	10	2016	2016_10	up floor	3	95000.0	3958.3333333333335	285000	72	82008
3	yes	NAN	1967	10	2016	2016_10	up floor	3	133000.0	NAN	399000	NAN	81241
4	yes	NAN	1983	10	2016	2016_10	NAN	3	127666.66666666667	5394.366197183099	383000	71	81541
5	yes	NAN	1963	10	2016	2016_10	up floor	3	139333.33333333334	5726.027397260274	418000	73	81476
6	yes	2	1956	10	2016	2016_10	up floor	3	130000.0	6000.0	390000	65	81667
7	yes	2	1997	10	2016	2016_10	up floor	3	110000.0	4852.941176470588	330000	68	81377
8	yes	NAN	1966	10	2016	2016_10	up floor	3	90000.0	4218.75	270000	64	81475
9	yes	2	1971	10	2016	2016_10	up floor	3	113333.33333333333	5396.825396825397	340000	63	81243
10	yes	NAN	1965	10	2016	2016_10	up floor	3	116666.66666666667	NAN	350000	NAN	80995
11	yes	NAN	1959	10	2016	2016_10	up floor	3	115000.0	6052.631578947368	345000	57	81241
12	yes	2	1963	10	2016	2016_10	up floor	3	96666.66666666667	4264.705882352941	290000	68	81371
13	yes	NAN	1942	10	2016	2016_10	up floor	3	99666.66666666667	NAN	299000	NAN	81377
14	yes	NAN	1956	10	2016	2016_10	up floor	3	121666.66666666667	NAN	365000	NAN	81677
15	yes	NAN	1957	10	2016	2016_10	up floor	NAN	NAN	5985.714285714285	419000	70	81677
16	yes	2	1967	10	2016	2016_10	up floor	3	136666.66666666666	6029.411764705882	410000	68	81927
0	yes	2	NAN	10	2016	2016_10	up floor	3	120000.0	5142.857142857143	360000	70	81549
1	yes	NAN	1983	10	2016	2016_10	up floor	4	105000.0	4615.384615384615	420000	91	81927
2	yes	2	1988	10	2016	2016_10	NAN	3	107423.33333333333	NAN	322270	NAN	80939
3	yes	1	1972	10	2016	2016_10	up floor	3	95666.66666666667	3826.6666666666665	287000	75	81249
4	yes	3	1975	10	2016	2016_10	up floor	4	87625.0	3436.274509803922	350500	102	85609
5	yes	NAN	1980	10	2016	2016_10	up floor	3	102333.33333333333	NAN	307000	NAN	82110
0	yes	3	1972	10	2016	2016_10	up floor	4	102500.0	4939.759036144578	410000	83	82008
1	yes	3	1963	10	2016	2016_10	up floor	4	99750.0	4483.146067415731	399000	89	82110
2	yes	NAN	NAN	10	2016	2016_10	ground floor	4	80000.0	3678.1609195402298	320000	87	85540
3	yes	3	1972	10	2016	2016_10	NAN	4	49750.0	NAN	199000	NAN	85716
4	yes	NAN	1972	10	2016	2016_10	up floor	4	104975.0	NAN	419900	NAN	82024
0	yes	3	1968	10	2016	2016_10	up floor	4	104750.0	NAN	419000	NAN	81735
1	yes	3	1971	10	2016	2016_10	up floor	4	82500.0	3707.8651685393256	330000	89	81477
2	yes	4	2005	10	2016	2016_10	up floor	5	79000.0	3950.0	395000	100	85540
3	yes	NAN	1974	10	2016	2016_10	up floor	4	56000.0	2408.6021505376343	224000	93	85221
4	yes	NAN	NAN	10	2016	2016_10	NAN	4	99250.0	4670.588235294118	397000	85	81737
5	yes	NAN	1974	10	2016	2016_10	ground floor	4	56000.0	NAN	224000	NAN	85221
6	yes	NAN	NAN	10	2016	2016_10	up floor	4	74750.0	3082.4742268041236	299000	97	85221
7	yes	NAN	1962	10	2016	2016_10	NAN	4	80750.0	NAN	323000	NAN	85551
8	yes	3	1970	10	2016	2016_10	NAN	4	72250.0	NAN	289000	NAN	82256
0	yes	3	1965	10	2016	2016_10	up floor	4	112250.0	5409.638554216867	449000	83	80995
1	yes	NAN	1965	10	2016	2016_10	up floor	5	99800.0	5040.404040404041	499000	99	80995
2	yes	3	1969	10	2016	2016_10	up floor	4	123750.0	5380.434782608696	495000	92	81249
3	yes	2	2005	10	2016	2016_10	NAN	4	113750.0	5548.780487804878	455000	82	81543
4	yes	NAN	NAN	10	2016	2016_10	NAN	4	112500.0	4500.0	450000	100	81827
5	yes	3	1962	10	2016	2016_10	up floor	4	120000.0	5333.333333333333	480000	90	81673
6	yes	3	NAN	10	2016	2016_10	NAN	4	113750.0	NAN	455000	NAN	81673
7	yes	3	NAN	10	2016	2016_10	NAN	4	113750.0	NAN	455000	NAN	81673
8	yes	3	1968	10	2016	2016_10	up floor	4	119750.0	NAN	479000	NAN	81735
9	yes	NAN	2006	10	2016	2016_10	up floor	4	112000.0	4923.076923076923	448000	91	85757
10	yes	3	1967	10	2016	2016_10	up floor	4	112475.0	NAN	449900	NAN	81541
11	yes	3	1974	10	2016	2016_10	NAN	4	112375.0	5288.235294117647	449500	85	80939
12	yes	3	NAN	10	2016	2016_10	up floor	4	124975.0	NAN	499900	NAN	81829
13	yes	3	1988	10	2016	2016_10	up floor	4	114750.0	4989.130434782609	459000	92	81739
0	yes	3	1995	10	2016	2016_10	up floor	4	79375.0	3527.777777777778	317500	90	81539
0	yes	3	1989	11	2016	2016_11	up floor	4	62375.0	2626.315789473684	249500	95	81476
1	yes	3	1963	11	2016	2016_11	up floor	4	91500.0	3852.6315789473683	366000	95	81549
2	yes	3	2008	11	2016	2016_11	up floor	4	123500.0	5613.636363636364	494000	88	81825
3	yes	NAN	1894	11	2016	2016_11	up floor	30	14166.666666666666	456.98924731182797	425000	930	80797
4	yes	3	NAN	11	2016	2016_11	NAN	4	106750.0	4692.307692307692	427000	91	81673
5	yes	3	1969	11	2016	2016_11	up floor	4	123750.0	6346.153846153846	495000	78	80807
0	yes	3	1972	11	2016	2016_11	ground floor	4	123750.0	NAN	495000	NAN	80807
1	yes	NAN	1894	11	2016	2016_11	up floor	30	14166.666666666666	456.98924731182797	425000	930	80797
2	yes	3	1970	11	2016	2016_11	up floor	4	0.0	0.0	0	105	82061
0	yes	NAN	1920	11	2016	2016_11	up floor	4	124750.0	7128.571428571428	499000	70	81369
1	yes	2	1965	11	2016	2016_11	up floor	NAN	NAN	NAN	419000	NAN	80995
0	yes	4	1957	11	2016	2016_11	NAN	5	87400.0	3972.7272727272725	437000	110	81549
1	yes	3	1984	11	2016	2016_11	NAN	NAN	NAN	NAN	495000	NAN	82131
2	yes	3	1965	11	2016	2016_11	up floor	4	114750.0	NAN	459000	NAN	81673
3	yes	3	1985	11	2016	2016_11	up floor	4	87000.0	4767.123287671233	348000	73	85221
4	yes	NAN	1966	11	2016	2016_11	up floor	4	111500.0	NAN	446000	NAN	82152
5	yes	NAN	1972	11	2016	2016_11	up floor	4	94500.0	NAN	378000	NAN	82024
6	yes	3	1972	11	2016	2016_11	up floor	4	97475.0	NAN	389900	NAN	82024
7	yes	3	1963	11	2016	2016_11	up floor	4	99250.0	4460.6741573033705	397000	89	82110
8	yes	NAN	1972	11	2016	2016_11	up floor	4	108750.0	4943.181818181818	435000	88	82024
9	yes	NAN	1974	11	2016	2016_11	NAN	4	56000.0	NAN	224000	NAN	85221
10	yes	3	1975	11	2016	2016_11	up floor	4	91250.0	3509.6153846153848	365000	104	85609
11	yes	NAN	1972	11	2016	2016_11	up floor	4	94750.0	5121.621621621622	379000	74	85521
12	yes	4	2000	11	2016	2016_11	NAN	5	98000.0	NAN	490000	NAN	81927
13	yes	3	1984	11	2016	2016_11	up floor	4	125000.0	4545.454545454545	500000	110	82194
14	yes	3	1996	11	2016	2016_11	ground floor	4	122750.0	3991.869918699187	491000	123	85521
15	yes	NAN	1998	11	2016	2016_11	up floor	NAN	NAN	4145.2991452991455	485000	117	82178
16	yes	NAN	1972	11	2016	2016_11	up floor	4	108750.0	5240.963855421687	435000	83	82110
17	yes	3	1982	11	2016	2016_11	up floor	NAN	NAN	3939.1304347826085	453000	115	82178
18	yes	3	1995	11	2016	2016_11	up floor	4	115000.0	NAN	460000	NAN	81829
19	yes	NAN	NAN	11	2016	2016_11	up floor	4	74750.0	3082.4742268041236	299000	97	85247
20	yes	NAN	1995	11	2016	2016_11	up floor	4	122500.0	4757.281553398058	490000	103	82216
21	yes	3	1992	11	2016	2016_11	NAN	4	121250.0	4075.63025210084	485000	119	82256
0	yes	NAN	1972	11	2016	2016_11	up floor	4	96000.0	3840.0	384000	100	85540
1	yes	3	1999	11	2016	2016_11	up floor	4	118750.0	4130.434782608696	475000	115	80639
2	yes	NAN	1894	11	2016	2016_11	up floor	30	14166.666666666666	456.98924731182797	425000	930	80797
3	yes	NAN	1972	11	2016	2016_11	up floor	4	94750.0	5121.621621621622	379000	74	85521
4	yes	1	1977	11	2016	2016_11	up floor	4	108750.0	4306.930693069307	435000	101	82239
5	yes	3	1983	11	2016	2016_11	ground floor	NAN	NAN	NAN	485000	NAN	85551
0	yes	3	1968	11	2016	2016_11	up floor	4	116250.0	NAN	465000	NAN	81375
1	yes	3	1969	11	2016	2016_11	up floor	4	123750.0	5380.434782608696	495000	92	81249
2	yes	NAN	1976	11	2016	2016_11	ground floor	4	99750.0	3192.0	399000	125	82194
3	yes	NAN	2013	11	2016	2016_11	up floor	4	123750.0	NAN	495000	NAN	85221
4	yes	3	2001	11	2016	2016_11	up floor	4	125000.0	5208.333333333333	500000	96	81829
0	yes	3	1966	12	2016	2016_12	NAN	4	114500.0	NAN	458000	NAN	81243
1	yes	3	1974	12	2016	2016_12	up floor	4	121250.0	4850.0	485000	100	81925
2	yes	3	1970	12	2016	2016_12	NAN	4	119750.0	4696.078431372549	479000	102	85521
3	yes	1	2017	12	2016	2016_12	NAN	4	124975.0	6755.405405405405	499900	74	81245
4	yes	3	2003	12	2016	2016_12	up floor	4	120000.0	3902.439024390244	480000	123	85579
5	yes	3	1963	12	2016	2016_12	up floor	4	99250.0	4460.6741573033705	397000	89	82110
6	yes	4	1972	12	2016	2016_12	up floor	4	99750.0	3562.5	399000	112	82024
7	yes	3	1975	12	2016	2016_12	ground floor	4	110000.0	4489.7959183673465	440000	98	85521
8	yes	NAN	1978	12	2016	2016_12	up floor	4	124250.0	5779.069767441861	497000	86	80937
9	yes	NAN	1972	12	2016	2016_12	up floor	4	94750.0	5121.621621621622	379000	74	85521
10	yes	3	1995	12	2016	2016_12	up floor	4	79375.0	3527.777777777778	317500	90	81539
11	yes	NAN	1973	12	2016	2016_12	up floor	4	82375.0	3744.318181818182	329500	88	81737
12	yes	NAN	1973	12	2016	2016_12	up floor	4	92100.0	4234.482758620689	368400	87	81737
13	yes	3	2012	12	2016	2016_12	up floor	4	124500.0	4256.410256410257	498000	117	82110
14	yes	3	2015	12	2016	2016_12	up floor	5	0.0	0.0	0	202	81545
15	yes	NAN	2017	12	2016	2016_12	up floor	5	85000.0	4047.6190476190477	425000	105	82290
16	yes	3	1973	12	2016	2016_12	up floor	4	91250.0	4147.727272727273	365000	88	85540
0	yes	3	2016	1	2017	2017_01	up floor	4	113750.0	NAN	455000	NAN	85757
1	yes	3	1972	1	2017	2017_01	up floor	4	108750.0	4943.181818181818	435000	88	82024
2	yes	NAN	1977	1	2017	2017_01	up floor	4	80000.0	3902.439024390244	320000	82	85640
3	yes	1	1972	1	2017	2017_01	ground floor	4	119750.0	6141.025641025641	479000	78	80689
4	yes	3	1928	1	2017	2017_01	up floor	4	117500.0	5529.411764705882	470000	85	81669
5	yes	3	1963	1	2017	2017_01	up floor	4	99250.0	4460.6741573033705	397000	89	82110
6	yes	2	2012	1	2017	2017_01	up floor	4	123750.0	4950.0	495000	100	82041
7	yes	3	1976	1	2017	2017_01	up floor	4	97250.0	3969.387755102041	389000	98	82110
8	yes	3	1976	1	2017	2017_01	up floor	4	97250.0	3969.387755102041	389000	98	82110
9	yes	1	1968	1	2017	2017_01	NAN	4	98750.0	NAN	395000	NAN	81735
10	yes	NAN	1972	1	2017	2017_01	up floor	4	94750.0	5121.621621621622	379000	74	85521
11	yes	3	1964	1	2017	2017_01	up floor	4	104750.0	NAN	419000	NAN	81541
12	yes	NAN	NAN	1	2017	2017_01	up floor	4	105000.0	5250.0	420000	80	85521
13	yes	1	2017	1	2017	2017_01	NAN	4	124975.0	6665.333333333333	499900	75	81245
14	yes	3	1972	1	2017	2017_01	ground floor	4	123750.0	NAN	495000	NAN	80807
15	yes	3	1967	1	2017	2017_01	up floor	5	69800.0	2624.06015037594	349000	133	82216
16	yes	3	2017	1	2017	2017_01	up floor	4	114750.0	NAN	459000	NAN	85229
17	yes	NAN	NAN	1	2017	2017_01	up floor	4	108311.25	NAN	433245	NAN	85229
0	yes	3	1987	1	2017	2017_01	up floor	4	117500.0	NAN	470000	NAN	81829
1	yes	NAN	1970	1	2017	2017_01	up floor	NAN	NAN	2904.4117647058824	395000	136	85221
2	yes	3	1993	1	2017	2017_01	up floor	4	124500.0	5533.333333333333	498000	90	82008
3	yes	NAN	1971	1	2017	2017_01	up floor	4	107500.0	4886.363636363636	430000	88	82194
4	yes	3	1972	1	2017	2017_01	up floor	4	107500.0	4300.0	430000	100	82008
0	yes	NAN	1972	1	2017	2017_01	up floor	4	108750.0	4943.181818181818	435000	88	82024
1	yes	NAN	1967	1	2017	2017_01	up floor	4	123750.0	NAN	495000	NAN	82110
2	yes	NAN	1967	1	2017	2017_01	up floor	4	123750.0	NAN	495000	NAN	81241
3	yes	NAN	1967	1	2017	2017_01	up floor	4	123750.0	NAN	495000	NAN	81249
4	yes	4	2000	1	2017	2017_01	up floor	5	90000.0	NAN	450000	NAN	81927
5	yes	3	1967	1	2017	2017_01	ground floor	4	112250.0	4934.065934065934	449000	91	81927
6	yes	3	2000	1	2017	2017_01	up floor	4	100000.0	NAN	400000	NAN	81927
7	yes	NAN	1972	1	2017	2017_01	NAN	4	62500.0	2358.490566037736	250000	106	85716
8	yes	NAN	1973	1	2017	2017_01	up floor	4	83750.0	3895.3488372093025	335000	86	85540
9	yes	NAN	1977	1	2017	2017_01	NAN	4	68250.0	NAN	273000	NAN	85540
10	yes	NAN	2000	1	2017	2017_01	up floor	4	107500.0	4725.274725274725	430000	91	81927
11	yes	3	NAN	1	2017	2017_01	NAN	4	123725.0	7070.0	494900	70	81245
12	yes	NAN	1980	1	2017	2017_01	NAN	4	97125.0	3700.0	388500	105	85748
13	yes	NAN	1972	1	2017	2017_01	up floor	4	94750.0	5121.621621621622	379000	74	85521
14	yes	3	1977	1	2017	2017_01	up floor	4	97250.0	3536.3636363636365	389000	110	82239
15	yes	NAN	2018	1	2017	2017_01	up floor	4	121250.0	NAN	485000	NAN	85229
16	yes	NAN	2018	1	2017	2017_01	up floor	4	121250.0	NAN	485000	NAN	85229
17	yes	NAN	2018	1	2017	2017_01	up floor	4	117500.0	NAN	470000	NAN	85229
18	yes	NAN	2018	1	2017	2017_01	up floor	4	117500.0	NAN	470000	NAN	85229
19	yes	NAN	2018	1	2017	2017_01	ground floor	4	123750.0	NAN	495000	NAN	85229
0	yes	1	1974	1	2017	2017_01	up floor	4	83250.0	4215.189873417721	333000	79	82008
1	yes	3	1971	1	2017	2017_01	up floor	4	107500.0	3495.9349593495936	430000	123	85521
2	yes	3	NAN	1	2017	2017_01	up floor	4	110000.0	5789.473684210527	440000	76	85521
3	yes	NAN	1970	1	2017	2017_01	up floor	4	102500.0	4659.090909090909	410000	88	81247
0	yes	NAN	NAN	2	2017	2017_02	up floor	4	74500.0	4082.1917808219177	298000	73	81737
1	yes	3	1998	2	2017	2017_02	up floor	4	99875.0	NAN	399500	NAN	81735
2	yes	NAN	1988	2	2017	2017_02	up floor	4	124750.0	5544.444444444444	499000	90	81739
3	yes	NAN	2006	2	2017	2017_02	up floor	4	112250.0	NAN	449000	NAN	85609
4	yes	3	1974	2	2017	2017_02	up floor	4	124750.0	4158.333333333333	499000	120	82152
5	yes	NAN	1976	2	2017	2017_02	up floor	4	80000.0	3902.439024390244	320000	82	85640
6	yes	NAN	1966	2	2017	2017_02	NAN	4	71500.0	3325.5813953488373	286000	86	81243
7	yes	NAN	1995	2	2017	2017_02	up floor	4	74750.0	3476.7441860465115	299000	86	81539
8	yes	3	1968	2	2017	2017_02	up floor	4	114750.0	NAN	459000	NAN	81735
9	yes	3	1987	2	2017	2017_02	up floor	4	117500.0	NAN	470000	NAN	81829
10	yes	NAN	1972	2	2017	2017_02	up floor	4	94750.0	5121.621621621622	379000	74	85521
11	yes	NAN	1973	2	2017	2017_02	up floor	4	87525.0	3978.409090909091	350100	88	81737
12	yes	NAN	1995	2	2017	2017_02	up floor	4	118750.0	4611.650485436893	475000	103	82216
13	yes	3	2006	2	2017	2017_02	up floor	4	0.0	0.0	0	184	82064
0	yes	3	1979	2	2017	2017_02	up floor	4	118750.0	5277.777777777777	475000	90	82008
1	yes	NAN	1976	2	2017	2017_02	NAN	5	50000.0	NAN	250000	NAN	80686
0	yes	3	1969	3	2017	2017_03	up floor	4	98750.0	3376.068376068376	395000	117	85521
1	yes	NAN	1966	3	2017	2017_03	NAN	4	71500.0	3325.5813953488373	286000	86	81243
2	yes	3	1970	3	2017	2017_03	up floor	4	124500.0	3801.5267175572517	498000	131	82152
3	yes	3	1987	3	2017	2017_03	NAN	4	117250.0	NAN	469000	NAN	81829
4	yes	4	1957	3	2017	2017_03	up floor	5	72000.0	3272.7272727272725	360000	110	81825
5	yes	NAN	1964	3	2017	2017_03	up floor	4	72250.0	NAN	289000	NAN	80939
6	yes	NAN	1967	3	2017	2017_03	NAN	4	95000.0	NAN	380000	NAN	80935
7	yes	3	1966	3	2017	2017_03	NAN	4	105000.0	NAN	420000	NAN	81243
8	yes	3	1995	3	2017	2017_03	up floor	4	106250.0	3663.793103448276	425000	116	80807
9	yes	2	1979	3	2017	2017_03	ground floor	4	112250.0	4235.8490566037735	449000	106	82024
10	yes	NAN	1970	3	2017	2017_03	up floor	4	102500.0	4659.090909090909	410000	88	81247
11	yes	NAN	1972	3	2017	2017_03	up floor	4	94750.0	5121.621621621622	379000	74	85521
12	yes	3	2008	3	2017	2017_03	up floor	4	123500.0	5613.636363636364	494000	88	81825
13	yes	3	1972	3	2017	2017_03	up floor	4	99750.0	4200.0	399000	95	82256
0	yes	NAN	1976	3	2017	2017_03	up floor	4	102500.0	4823.529411764706	410000	85	80805
1	yes	3	1964	3	2017	2017_03	up floor	4	99750.0	NAN	399000	NAN	81541
2	yes	2	2017	3	2017	2017_03	ground floor	4	122375.0	6118.75	489500	80	81827
3	yes	3	2003	3	2017	2017_03	up floor	4	120000.0	NAN	480000	NAN	80937
4	yes	NAN	1970	3	2017	2017_03	up floor	5	98000.0	4495.412844036698	490000	109	82131
5	yes	3	1980	3	2017	2017_03	up floor	4	99750.0	3728.9719626168226	399000	107	82178
6	yes	NAN	1961	3	2017	2017_03	NAN	4	94750.0	4986.8421052631575	379000	76	81475
7	yes	NAN	1968	3	2017	2017_03	up floor	4	117000.0	4978.723404255319	468000	94	80995
8	yes	NAN	1976	3	2017	2017_03	NAN	5	50000.0	NAN	250000	NAN	80686
9	yes	3	1968	3	2017	2017_03	up floor	4	114750.0	NAN	459000	NAN	81671
10	yes	NAN	1967	3	2017	2017_03	up floor	4	122250.0	5373.626373626374	489000	91	81927
11	yes	NAN	1972	3	2017	2017_03	up floor	4	99500.0	5378.378378378378	398000	74	85521
12	yes	NAN	1973	3	2017	2017_03	up floor	4	87525.0	3978.409090909091	350100	88	81737
0	yes	NAN	1989	4	2017	2017_04	ground floor	6	82958.33333333333	5239.473684210527	497750	95	80992
1	yes	3	1977	4	2017	2017_04	NAN	4	124500.0	5858.823529411765	498000	85	85737
2	yes	3	2007	4	2017	2017_04	up floor	4	124750.0	4990.0	499000	100	80937
3	yes	3	1971	4	2017	2017_04	up floor	4	99750.0	NAN	399000	NAN	85757
4	yes	NAN	1971	4	2017	2017_04	NAN	4	67500.0	3139.5348837209303	270000	86	85748
5	yes	NAN	2000	4	2017	2017_04	up floor	5	94000.0	4476.190476190476	470000	105	85221
6	yes	3	1998	4	2017	2017_04	up floor	4	124750.0	5144.329896907217	499000	97	80997
7	yes	3	1969	4	2017	2017_04	up floor	4	97500.0	NAN	390000	NAN	82178
8	yes	1	1973	4	2017	2017_04	up floor	4	112500.0	NAN	450000	NAN	81673
9	yes	3	1967	4	2017	2017_04	NAN	4	87250.0	NAN	349000	NAN	81245
10	yes	3	1972	4	2017	2017_04	ground floor	4	57250.0	NAN	229000	NAN	85716
11	yes	2	1963	4	2017	2017_04	up floor	4	87500.0	3684.2105263157896	350000	95	81549
12	yes	NAN	1973	4	2017	2017_04	up floor	5	77340.0	4496.511627906977	386700	86	81737
13	yes	NAN	1990	4	2017	2017_04	up floor	4	124750.0	5544.444444444444	499000	90	81739
14	yes	2	1984	4	2017	2017_04	up floor	4	96500.0	4707.317073170731	386000	82	81377
15	yes	2	1980	4	2017	2017_04	up floor	4	123750.0	4459.459459459459	495000	111	82110
16	yes	3	1960	4	2017	2017_04	up floor	4	97500.0	NAN	390000	NAN	85521
17	yes	NAN	1973	4	2017	2017_04	ground floor	4	123750.0	4500.0	495000	110	81737
18	yes	NAN	1973	4	2017	2017_04	up floor	4	87525.0	3978.409090909091	350100	88	81737
19	yes	NAN	NAN	4	2017	2017_04	up floor	4	105000.0	5250.0	420000	80	85521
20	yes	4	1970	4	2017	2017_04	ground floor	5	90000.0	4285.714285714285	450000	105	82256
21	yes	NAN	1995	4	2017	2017_04	up floor	4	108500.0	4213.592233009709	434000	103	82216
0	yes	3	1920	5	2017	2017_05	up floor	4	123875.0	6193.75	495500	80	80779
1	yes	3	2005	5	2017	2017_05	up floor	4	98750.0	NAN	395000	NAN	81829
2	yes	3	1971	5	2017	2017_05	up floor	4	112500.0	5696.202531645569	450000	79	81735
3	yes	NAN	1974	5	2017	2017_05	up floor	4	112250.0	NAN	449000	NAN	85521
4	yes	3	NAN	5	2017	2017_05	up floor	4	115000.0	5750.0	460000	80	81735
5	yes	3	1972	5	2017	2017_05	ground floor	4	123750.0	NAN	495000	NAN	80807
6	yes	3	1910	5	2017	2017_05	up floor	5	0.0	0.0	0	190	81675
7	yes	3	1968	5	2017	2017_05	up floor	4	111000.0	NAN	444000	NAN	81671
8	yes	3	1968	5	2017	2017_05	up floor	4	111000.0	NAN	444000	NAN	81735
0	yes	3	1972	6	2017	2017_06	ground floor	4	123750.0	NAN	495000	NAN	80807
1	yes	3	1959	6	2017	2017_06	up floor	4	111250.0	6013.513513513513	445000	74	80686
2	yes	2	1964	6	2017	2017_06	up floor	NAN	NAN	4100.0	410000	100	82110
3	yes	3	1967	6	2017	2017_06	NAN	4	99500.0	4422.222222222223	398000	90	81927
4	yes	NAN	1976	6	2017	2017_06	up floor	4	73750.0	2587.719298245614	295000	114	82194
5	yes	2	1988	6	2017	2017_06	up floor	4	94250.0	NAN	377000	NAN	81739
6	yes	2	1992	6	2017	2017_06	ground floor	4	102500.0	4555.555555555556	410000	90	82210
7	yes	NAN	1970	6	2017	2017_06	up floor	4	124750.0	NAN	499000	NAN	82061
8	yes	3	2010	6	2017	2017_06	up floor	4	0.0	0.0	0	220	80333
0	yes	4	1999	6	2017	2017_06	up floor	5	96000.0	NAN	480000	NAN	85570
1	yes	3	1972	6	2017	2017_06	up floor	4	109750.0	4670.212765957447	439000	94	85598
2	yes	3	1992	6	2017	2017_06	NAN	4	117250.0	3941.176470588235	469000	119	82256
3	yes	3	1972	6	2017	2017_06	ground floor	5	79000.0	2841.726618705036	395000	139	82234
4	yes	NAN	2016	6	2017	2017_06	NAN	4	111000.0	NAN	444000	NAN	85452
5	yes	NAN	1985	6	2017	2017_06	up floor	4	83750.0	3563.8297872340427	335000	94	82140
6	yes	NAN	1991	6	2017	2017_06	up floor	6	82500.0	2894.7368421052633	495000	171	82140
7	yes	3	1998	6	2017	2017_06	up floor	4	57250.0	NAN	229000	NAN	82319
8	yes	NAN	1992	6	2017	2017_06	up floor	4	117500.0	4895.833333333333	470000	96	85399
9	yes	2	1965	6	2017	2017_06	up floor	4	93750.0	NAN	375000	NAN	82205
10	yes	4	1978	6	2017	2017_06	NAN	4	81250.0	NAN	325000	NAN	82256
11	yes	3	1981	6	2017	2017_06	NAN	4	111250.0	2927.6315789473683	445000	152	82237
12	yes	2	1981	6	2017	2017_06	up floor	4	57375.0	2521.978021978022	229500	91	82281
13	yes	NAN	1968	6	2017	2017_06	up floor	4	87250.0	2528.985507246377	349000	138	85457
14	yes	3	1974	6	2017	2017_06	up floor	4	84750.0	3684.782608695652	339000	92	82205
15	yes	3	1993	6	2017	2017_06	up floor	4	87500.0	3804.3478260869565	350000	92	85247
16	yes	3	1993	6	2017	2017_06	up floor	4	87500.0	3804.3478260869565	350000	92	85247
17	yes	3	1995	6	2017	2017_06	up floor	4	111250.0	3739.4957983193276	445000	119	85570
18	yes	4	1966	6	2017	2017_06	ground floor	5	98000.0	4083.3333333333335	490000	120	85591
19	yes	3	2017	6	2017	2017_06	up floor	4	109225.0	4598.9473684210525	436900	95	85614
20	yes	3	2017	6	2017	2017_06	up floor	4	118050.0	5246.666666666667	472200	90	85614
21	yes	3	NAN	6	2017	2017_06	up floor	4	102500.0	3628.3185840707965	410000	113	85375
0	yes	NAN	1986	6	2017	2017_06	up floor	4	103750.0	5000.0	415000	83	85716
1	yes	3	1968	6	2017	2017_06	up floor	4	110000.0	NAN	440000	NAN	80995
2	yes	NAN	1972	6	2017	2017_06	up floor	4	99675.0	3987.0	398700	100	82299
0	yes	NAN	NAN	6	2017	2017_06	NAN	4	45000.0	1500.0	180000	120	81477
1	yes	2	1972	6	2017	2017_06	up floor	4	125000.0	3496.5034965034965	500000	143	82178
0	yes	3	1963	6	2017	2017_06	up floor	4	122500.0	5975.609756097561	490000	82	81475
1	yes	3	1992	6	2017	2017_06	NAN	4	117250.0	3941.176470588235	469000	119	82256
2	yes	2	1971	6	2017	2017_06	ground floor	4	110000.0	4835.1648351648355	440000	91	82256
0	yes	NAN	1968	7	2017	2017_07	up floor	4	107000.0	5350.0	428000	80	81735
1	yes	3	1968	7	2017	2017_07	ground floor	4	117250.0	5211.111111111111	469000	90	81249
2	yes	4	1926	7	2017	2017_07	ground floor	5	97600.0	NAN	488000	NAN	81669
3	yes	3	2006	7	2017	2017_07	up floor	4	94500.0	4447.058823529412	378000	85	85716
4	yes	3	1972	7	2017	2017_07	up floor	4	117500.0	4159.29203539823	470000	113	82178
5	yes	NAN	NAN	7	2017	2017_07	up floor	4	115000.0	5750.0	460000	80	85521
6	yes	3	1972	7	2017	2017_07	up floor	4	100000.0	3738.3177570093458	400000	107	81373
7	yes	3	1969	7	2017	2017_07	up floor	4	125000.0	NAN	500000	NAN	80937
0	yes	3	1963	7	2017	2017_07	up floor	4	112250.0	NAN	449000	NAN	82110
1	yes	3	1967	7	2017	2017_07	up floor	4	96450.0	NAN	385800	NAN	81541
2	yes	NAN	1967	7	2017	2017_07	up floor	5	0.2	0.009174311926605505	1	109	81927
3	yes	NAN	1977	7	2017	2017_07	up floor	4	102000.0	4000.0	408000	102	82110
4	yes	3	1987	7	2017	2017_07	up floor	4	97250.0	4420.454545454545	389000	88	81245
5	yes	NAN	1959	7	2017	2017_07	ground floor	4	120000.0	6153.846153846154	480000	78	85521
6	yes	2	1972	7	2017	2017_07	up floor	4	120000.0	3356.6433566433566	480000	143	82178
7	yes	NAN	1973	7	2017	2017_07	up floor	4	94750.0	4566.265060240964	379000	83	85716
8	yes	3	1970	7	2017	2017_07	up floor	4	121125.0	5209.677419354839	484500	93	85540
9	yes	3	1968	7	2017	2017_07	up floor	4	99500.0	NAN	398000	NAN	81735
10	yes	3	1972	7	2017	2017_07	up floor	4	99500.0	4326.086956521739	398000	92	85521
11	yes	3	1975	7	2017	2017_07	up floor	4	110125.0	NAN	440500	NAN	85609
12	yes	NAN	NAN	7	2017	2017_07	NAN	4	45000.0	1500.0	180000	120	81477
13	yes	3	2017	7	2017	2017_07	up floor	4	0.0	0.0	0	124	81929
14	yes	NAN	1910	7	2017	2017_07	up floor	4	109839.0	NAN	439356	NAN	80339
15	yes	3	1970	7	2017	2017_07	up floor	NAN	NAN	4848.484848484848	480000	99	80997
16	yes	3	2005	7	2017	2017_07	up floor	4	95000.0	NAN	380000	NAN	81829
17	yes	3	1968	7	2017	2017_07	up floor	4	107250.0	NAN	429000	NAN	81735
0	yes	2	1989	8	2017	2017_08	up floor	4	124750.0	5308.510638297872	499000	94	81739
1	yes	3	1973	8	2017	2017_08	up floor	4	121250.0	4575.471698113208	485000	106	85716
2	yes	3	1964	8	2017	2017_08	up floor	4	99750.0	NAN	399000	NAN	85521
3	yes	NAN	1969	8	2017	2017_08	up floor	4	124750.0	6237.5	499000	80	81671
4	yes	3	1971	8	2017	2017_08	up floor	4	117500.0	NAN	470000	NAN	82110
5	yes	3	1987	8	2017	2017_08	up floor	4	99500.0	NAN	398000	NAN	81739
6	yes	3	1967	8	2017	2017_08	up floor	4	124500.0	NAN	498000	NAN	81477
7	yes	3	1990	8	2017	2017_08	up floor	4	104750.0	4410.526315789473	419000	95	82256
0	yes	2	1990	8	2017	2017_08	up floor	4	121250.0	NAN	485000	NAN	82008
1	yes	NAN	1972	8	2017	2017_08	up floor	4	105000.0	4941.176470588235	420000	85	81247
2	yes	3	1969	8	2017	2017_08	ground floor	4	117495.0	4999.787234042553	469980	94	81927
3	yes	NAN	1990	8	2017	2017_08	up floor	4	124750.0	5544.444444444444	499000	90	81739
4	yes	NAN	1970	8	2017	2017_08	up floor	4	117250.0	NAN	469000	NAN	82061
5	yes	3	1963	8	2017	2017_08	up floor	4	92250.0	NAN	369000	NAN	81475
6	yes	3	2003	8	2017	2017_08	up floor	4	108750.0	NAN	435000	NAN	81925
7	yes	3	1969	8	2017	2017_08	up floor	4	119750.0	NAN	479000	NAN	80995
0	yes	4	2018	9	2017	2017_09	up floor	6	0.0	NAN	0	NAN	81679
1	yes	3	1966	9	2017	2017_09	up floor	4	107500.0	NAN	430000	NAN	81243
2	yes	3	1974	9	2017	2017_09	up floor	4	95000.0	4086.021505376344	380000	93	85221
3	yes	NAN	1973	9	2017	2017_09	up floor	4	94725.0	4355.172413793103	378900	87	81737
4	yes	NAN	1975	9	2017	2017_09	up floor	4	104750.0	4554.347826086957	419000	92	85521
5	yes	3	1967	9	2017	2017_09	up floor	4	112250.0	NAN	449000	NAN	81541
6	yes	NAN	2000	9	2017	2017_09	NAN	4	113750.0	5000.0	455000	91	81827
7	yes	NAN	NAN	9	2017	2017_09	up floor	4	104750.0	5237.5	419000	80	85521
8	yes	3	1995	9	2017	2017_09	up floor	4	124750.0	4752.380952380952	499000	105	80999
9	yes	3	2000	9	2017	2017_09	up floor	4	123750.0	5439.56043956044	495000	91	85540
10	yes	NAN	1956	9	2017	2017_09	up floor	7	64285.71428571428	3879.310344827586	450000	116	85757
11	yes	3	2003	9	2017	2017_09	up floor	4	0.0	0.0	0	106	81479
12	yes	NAN	NAN	9	2017	2017_09	NAN	4	45000.0	1500.0	180000	120	81477
13	yes	2	2010	9	2017	2017_09	ground floor	4	0.0	0.0	0	160	80333
14	yes	NAN	1976	9	2017	2017_09	NAN	5	50000.0	NAN	250000	NAN	80686
0	yes	NAN	1983	10	2017	2017_10	up floor	4	122250.0	NAN	489000	NAN	82110
1	yes	NAN	1991	10	2017	2017_10	up floor	4	125000.0	4672.897196261682	500000	107	85221
2	yes	2	1962	10	2017	2017_10	up floor	4	118750.0	4947.916666666667	475000	96	80686
3	yes	3	NAN	10	2017	2017_10	ground floor	4	111250.0	NAN	445000	NAN	85622
4	yes	3	1962	10	2017	2017_10	up floor	4	120000.0	5106.382978723404	480000	94	81673
5	yes	NAN	1953	10	2017	2017_10	up floor	4	111250.0	NAN	445000	NAN	80687
6	yes	3	1967	10	2017	2017_10	up floor	4	125000.0	NAN	500000	NAN	80997
7	yes	NAN	1967	10	2017	2017_10	NAN	4	90000.0	NAN	360000	NAN	81927
8	yes	3	1972	10	2017	2017_10	up floor	4	112500.0	4591.836734693878	450000	98	85757
9	yes	3	1964	10	2017	2017_10	up floor	4	96250.0	4812.5	385000	80	81243
10	yes	3	1995	10	2017	2017_10	up floor	5	59000.0	2681.818181818182	295000	110	85235
0	yes	3	2017	10	2017	2017_10	NAN	4	120750.0	6355.263157894737	483000	76	85757
1	yes	3	1967	10	2017	2017_10	up floor	4	115000.0	4791.666666666667	460000	96	85221
2	yes	NAN	1969	10	2017	2017_10	up floor	4	118750.0	5219.780219780219	475000	91	82131
3	yes	3	1969	10	2017	2017_10	NAN	4	107500.0	NAN	430000	NAN	80995
4	yes	NAN	1973	10	2017	2017_10	up floor	4	92275.0	4242.528735632184	369100	87	81737
5	yes	3	1970	10	2017	2017_10	up floor	NAN	NAN	4583.333333333333	495000	108	82152
6	yes	NAN	1953	10	2017	2017_10	NAN	4	121250.0	6554.054054054054	485000	74	80687
7	yes	3	1978	10	2017	2017_10	up floor	4	98750.0	NAN	395000	NAN	82152
8	yes	3	1978	10	2017	2017_10	up floor	4	122500.0	4083.3333333333335	490000	120	81477
9	yes	NAN	1988	10	2017	2017_10	up floor	4	99750.0	4534.090909090909	399000	88	82178
10	yes	NAN	1969	10	2017	2017_10	up floor	4	122250.0	5620.689655172414	489000	87	82008
11	yes	NAN	1972	10	2017	2017_10	NAN	4	68750.0	2594.3396226415093	275000	106	85716
12	yes	2	1960	10	2017	2017_10	up floor	4	112500.0	4245.2830188679245	450000	106	80897
13	yes	3	1971	10	2017	2017_10	up floor	4	94750.0	NAN	379000	NAN	85757
14	yes	NAN	NAN	10	2017	2017_10	up floor	4	117250.0	NAN	469000	NAN	81739
15	yes	NAN	2001	10	2017	2017_10	up floor	4	118750.0	4702.970297029703	475000	101	81829
16	yes	3	1972	10	2017	2017_10	up floor	4	123750.0	5625.0	495000	88	81735
17	yes	2	1996	10	2017	2017_10	up floor	4	0.0	0.0	0	134	81247
0	yes	3	1968	11	2017	2017_11	ground floor	4	123750.0	NAN	495000	NAN	81735
1	yes	2	1993	11	2017	2017_11	ground floor	4	99500.0	3235.7723577235774	398000	123	82131
2	yes	2	1989	11	2017	2017_11	ground floor	4	122375.0	5691.860465116279	489500	86	81739
3	yes	NAN	1968	11	2017	2017_11	up floor	4	112500.0	5232.558139534884	450000	86	80992
4	yes	1	1972	11	2017	2017_11	up floor	4	117087.5	5782.098765432099	468350	81	81379
5	yes	NAN	1971	11	2017	2017_11	up floor	4	122500.0	NAN	490000	NAN	81735
6	yes	3	1998	11	2017	2017_11	up floor	4	105250.0	NAN	421000	NAN	80997
7	yes	NAN	1963	11	2017	2017_11	up floor	4	94500.0	4247.191011235955	378000	89	85221
8	yes	NAN	1970	11	2017	2017_11	up floor	4	124500.0	5354.8387096774195	498000	93	85764
9	yes	NAN	1977	11	2017	2017_11	up floor	4	92000.0	3607.843137254902	368000	102	82110
10	yes	3	1972	11	2017	2017_11	up floor	4	123750.0	4024.390243902439	495000	123	80809
11	yes	3	1966	11	2017	2017_11	NAN	4	119750.0	NAN	479000	NAN	80935
12	yes	3	1955	11	2017	2017_11	up floor	4	121250.0	7132.35294117647	485000	68	80634
13	yes	NAN	1971	11	2017	2017_11	up floor	4	123750.0	NAN	495000	NAN	81241
14	yes	3	1966	11	2017	2017_11	up floor	4	124700.0	4661.682242990654	498800	107	81497
0	yes	NAN	1964	12	2017	2017_12	up floor	4	113750.0	NAN	455000	NAN	82110
1	yes	2	1989	12	2017	2017_12	ground floor	4	110000.0	5116.279069767442	440000	86	81739
2	yes	2	1961	12	2017	2017_12	ground floor	4	100000.0	NAN	400000	NAN	80933
3	yes	1	1970	12	2017	2017_12	up floor	4	116250.0	NAN	465000	NAN	81735
4	yes	NAN	2013	12	2017	2017_12	up floor	7	0.0	0.0	0	255	81245
